Accuracy,AUC,SPC,NPV,PPV
0.9094488188976378,0.9160872313527181,0.7142857142857143,0.5714285714285714,0.9634703196347032
