Batch,Epoch,LearnRate,TrainAUC,TrainAccuracy,ValidAUC,ValidAccuracy
1,10,0.001,0.9410640333333333,0.8643333333333333,0.9160872313527181,0.9094488188976378
